Time,Value,DC
1443405960,44312.08056,I
1443406320,44205.93889,I
1443406680,45327.34167,I
1443407040,42326.825,I
1443407400,45276.75,I
1443407760,44743.23333,I
1443408120,43961.12222,I
1443408480,43511.37778,I
1443408840,42616.93611,I
1443409200,41545.24444,I
1443409560,40292.36111,I
1443409920,39917.13333,I
1443410280,38607.7,I
1443410640,38229.22778,I
1443411000,37424.44722,I
1443411360,35674.95278,I
1443411720,35323.75278,I
1443412080,33806.49444,I
1443412440,32478.20278,I
1443412800,31497.79167,I
1443413160,26841.96944,I
1443413520,26303.425,I
1443413880,25433.09444,I
1443414240,23758.82778,I
1443414600,23875.50278,I
1443414960,22108.69167,I
1443415320,20967.75833,I
1443415680,20145.71389,I
1443416040,19079.12222,I
1443416400,17762.23056,I
1443416760,16900.73056,I
1443417120,16221.08056,I
1443417480,16040.025,I
1443417840,15732.25,I
1443418200,14667.05833,I
1443418560,14278.36944,I
1443418920,13759.1,I
1443419280,12998.85556,I
1443419640,12494.15,I
1443420000,11753.82222,I
1443420360,11533.67778,I
1443420720,11107.64167,I
1443421080,10654.20556,I
1443421440,10378.25,I
1443421800,10016.14722,I
1443422160,9763.211111,I
1443422520,9389.480556,I
1443422880,8842.102778,I
1443423240,8657.172222,I
1443423600,7790.727778,I
1443423960,7635.322222,I
1443424320,7489.2,I
1443424680,7517.719444,I
1443425040,7713.466667,I
1443425400,7233.777778,I
1443425760,7158,I
1443426120,7100.65,I
1443426480,6705.608333,I
1443426840,6667.061111,I
1443427200,6456.902778,I
1443427560,6488.613889,I
1443427920,6487.661111,I
1443428280,6229.761111,I
1443428640,6241.438889,I
1443429000,6307.938889,I
1443429360,6168.413889,I
1443429720,6351.391667,I
1443430080,6374.35,I
1443430440,6400.283333,I
1443430800,6452.158333,I
1443431160,6747.261111,I
1443431520,7232.152778,I
1443431880,7179.191667,I
1443432240,7637.913889,I
1443432600,8141.580556,I
1443432960,8319.991667,I
1443433320,8665.780556,I
1443433680,8804.202778,I
1443434040,9292.097222,I
1443434400,9491.216667,I
1443434760,9607.769444,I
1443435120,10634.73889,I
1443435480,11373.95278,I
1443435840,11855.61389,I
1443436200,12166.15833,I
1443436560,12649.68056,I
1443436920,13629.81667,I
1443437280,14358.11944,I
1443437640,15379.4,I
1443438000,15961.33333,I
1443438360,16567.02778,I
1443438720,17087.64722,I
1443439080,18532.33889,I
1443439440,18922.58889,I
1443439800,20535.58889,I
1443440160,20993.48056,I
1443440520,22299.07778,I
1443440880,23455.54444,I
1443441240,23953.40278,I
1443441600,25235.54722,I
1443441960,25234.09167,I
1443442320,27080.51944,I
1443442680,27552.01944,I
1443443040,29901.475,I
1443443400,31902.81944,I
1443443760,31400.17222,I
1443444120,33637.76667,I
1443444480,34544.725,I
1443444840,36006.50833,I
1443445200,37803.41667,I
1443445560,37083.00278,I
1443445920,38082.83333,I
1443446280,40390.66944,I
1443446640,41118.13611,I
1443447000,43155.84167,I
1443447360,42913.58611,I
1443447720,44188.13056,I
1443448080,43854.95556,I
1443448440,45838.91667,I
1443448800,46666.12778,I
1443449160,44445.00833,I
1443449520,45415.25556,I
1443449880,45536.42222,I
1443450240,44824.98889,I
1443450600,47948.33056,I
1443450960,48531.875,I
1443451320,48964.07222,I
1443451680,48648.31111,I
1443452040,48946.64722,I
1443452400,48911.64444,I
1443452760,47878.94444,I
1443453120,48852.80556,I
1443453480,48894.50556,I
1443453840,49335.94167,I
1443454200,50663.86667,I
1443454560,50311.49444,I
1443454920,50776.56111,I
1443455280,50518.30278,I
1443455640,50963.72778,I
1443456000,51928.66667,I
1443456360,49613.44167,I
1443456720,50183.86944,I
1443457080,-1630442.511,I
1443457440,34375.98472,I
1443457800,53960.12963,I
1443458160,59787.71944,I
1443458520,59048.58333,I
1443458880,58665.50556,I
1443459240,59610.84444,I
1443459600,58476.01667,I
1443459960,57845.52778,I
1443460320,57221.725,I
1443460680,59112.97778,I
1443461040,59266.38889,I
1443461400,58758.71111,I
1443461760,59082.38889,I
1443462120,58200.53333,I
1443462480,57775.37778,I
1443462840,55914.83611,I
1443463200,59704.08889,I
1443463560,57012.57222,I
1443463920,61526.57778,I
1443464280,57483.49444,I
1443464640,58805.36667,I
1443465000,59840.22778,I
1443465060,58198.03849,I
1443465120,58962.99405,I
1443465360,57434.84437,I
1443465420,58832.08236,I
1443465480,59355.21222,I
1443465720,58045.36111,I
1443465780,58097.79444,I
1443465840,58327.5,I
1443466080,59867.34167,I
1443466140,59622.48333,I
1443466200,58461.72222,I
1443466440,58501.6,I
1443466500,58286.38373,I
1443466560,57600.92857,I
1443466800,58464.21706,I
1443466860,58577.85254,I
1443466920,55342.48389,I
1443467160,55354.58833,I
1443467220,53068.04389,I
1443467280,51964.55778,I
1443467520,50189.90889,I
1443467580,51490.94778,I
1443467640,50375.26032,I
1443467880,49967.9131,I
1443467940,44573.31587,I
1443468000,44356.63254,I
1443468240,43138.77143,I
1443468300,41081.94603,I
1443468360,37542.25119,I
1443468600,35916.10159,I
1443468660,33193.13794,I
1443468720,30742.41333,I
1443468960,28421.48722,I
1443469020,27075.49611,I
1443469080,27463.62111,I
1443469320,25879.04167,I
1443469380,24780.11167,I
1443469440,22556.13968,I
1443469680,22246.85913,I
1443469740,21815.93786,I
1443469800,20924.11405,I
1443470040,20493.27516,I
1443470100,19353.96722,I
1443470160,19277.47778,I
1443470400,19568.62222,I
1443470460,19541.06111,I
1443470520,19134.64444,I
1443470760,20862.37778,I
1443470820,23119.53556,I
1443470880,24176.33833,I
1443471120,27168.305,I
1443471180,30389.25667,I
1443471240,31587.28532,I
1443471480,33129.75476,I
1443471540,36662.41825,I
1443471600,40507.9377,I
1443471840,43947.58833,I
1443471900,46769.83302,I
1443471960,48536.67111,I
1443472200,48157.96167,I
1443472260,51242.60389,I
1443472320,50648.82889,I
1443472560,52373.12444,I
1443472620,50821.84889,I
1443472680,51612.80444,I
1443472920,50867.41278,I
1443472980,52103.80262,I
1443473040,51254.2373,I
1443473280,50250.83262,I
1443473340,51484.13857,I
1443473400,50348.97151,I
1443473640,49622.82706,I
1443473700,48304.1377,I
1443473760,49619.77143,I
1443473820,49049.67897,I
1443474000,48917.98198,I
1443474060,46709.95302,I
1443474120,44318.00897,I
1443474360,42761.05101,I
1443474420,39728.71545,I
1443474480,38749.89045,I
1443474720,39507.14111,I
1443474780,38765.36944,I
1443474840,38019.525,I
1443475080,38058.44722,I
1443475140,38713.08643,I
1443475200,37731.16667,I
1443475440,38201.93333,I
1443475500,38625.90278,I
1443475560,38225.61984,I
1443475800,37428.03627,I
1443475860,37437.78389,I
1443475920,36690.93111,I
1443476160,34393.10222,I
1443476220,33233.04889,I
1443476280,33430.36,I
1443476520,32528.33833,I
1443476580,32576.01833,I
1443476640,32494.70159,I
1443476880,33663.0127,I
1443476940,33225.76468,I
1443477000,32970.74444,I
1443477240,33419.63056,I
1443477300,34019.24881,I
1443477360,32422.72262,I
1443477420,32119.16786,I
1443477600,30815.85984,I
1443477660,30316.94968,I
1443477720,28994.52111,I
1443477960,28097.41667,I
1443478020,27798.22,I
1443478080,27634.24222,I
1443478320,28494.09667,I
1443478380,29844.08722,I
1443478440,30840.08722,I
1443478680,31869.07056,I
1443478740,32629.2246,I
1443478800,32774.63214,I
1443479040,32294.82937,I
1443479100,35085.39405,I
1443479160,35139.8369,I
1443479400,37318.83913,I
1443479460,38927.8877,I
1443479520,38616.425,I
1443479760,39649.98667,I
1443479820,39371.28389,I
1443479880,40572.22778,I
1443480120,39360.8025,I
1443480480,39814.98056,I
1443480840,41478.52222,I
1443481200,41106.84444,I
1443481560,39183.80833,I
1443481920,41678.46111,I
1443482280,40432.63889,I
1443482640,40631.66111,I
1443483000,40201.45556,I
1443483360,40459.34444,I
1443483720,41302.49444,I
1443484080,41602.425,I
1443484440,42140.17778,I
1443484800,41437.925,I
1443485160,41109.56667,I
1443485520,42233.64722,I
1443485880,44599.90556,I
1443486240,45558.24444,I
1443486600,46990.75556,I
1443486960,42937.45,I
1443487320,43078.08889,I
1443487680,43630.39167,I
1443488040,45320.975,I
1443488400,43921.1,I
1443488760,43136.23056,I
1443489120,43821.56944,I
1443489480,42804.31667,I
1443489840,42829.96944,I
1443490200,42165.36389,I
1443490560,42689.97778,I
1443490920,41793.425,I
1443491280,41765.16944,I
1443491640,42097.62778,I
1443492000,42553.825,I
1443492360,41644.28611,I
1443492720,41543.2,I
1443493080,42784.71667,I
1443493440,39216.28889,I
1443493800,40036.72222,I
1443494160,40673.91389,I
1443494520,38821.56944,I
1443494880,37068.08056,I
1443495240,38154.80278,I
1443495600,35163.25833,I
1443495960,34170.55278,I
1443496320,34905.01389,I
1443496680,34392.24722,I
1443497040,33416.15556,I
1443497400,33465.87778,I
1443497760,31981.00833,I
1443498120,30498.2,I
1443498480,29685.75833,I
1443498840,28463.37222,I
1443499200,26465.68889,I
1443499560,22921.55278,I
1443499920,22800.74167,I
1443500280,21403.92222,I
1443500640,20204.64722,I
1443501000,19727.47778,I
1443501360,18443.21667,I
1443501720,17871.96389,I
1443502080,17508.75,I
1443502140,17233.21468,I
1443502440,15854.30194,I
1443502800,14499.675,I
1443503160,13889.07222,I
1443503520,13959.65,I
1443503880,13146.21667,I
1443504240,12742.325,I
1443504600,12129.03889,I
1443504960,12105.82222,I
1443505320,11688.39167,I
1443505680,10991.31667,I
1443506040,10465.44167,I
1443506400,10100.45278,I
1443506760,9706.938889,I
1443507120,9807.069444,I
1443507480,9556.630556,I
1443507840,9448.583333,I
1443508200,8763.883333,I
1443508560,8664.619444,I
1443508920,7911.533333,I
1443509280,7721.391667,I
1443509640,7554.458333,I
1443510000,7281.063889,I
1443510360,6901.819444,I
1443510720,6899.2,I
1443511080,6868.358333,I
1443511440,6563.697222,I
1443511800,6419.041667,I
1443512160,6288.952778,I
1443512520,6103.808333,I
1443512880,6035.083333,I
1443513240,5920.644444,I
1443513600,5785.591667,I
1443513960,5686.780556,I
1443514320,5914.069444,I
1443514680,6152.122222,I
1443515040,6065.222222,I
1443515400,5975.783333,I
1443515760,5999.238889,I
1443516120,5965.911111,I
1443516480,5988.444444,I
1443516840,6347.627778,I
1443517200,6199.722222,I
1443517560,6428.463889,I
1443517920,6593.247222,I
1443518280,6955.986111,I
1443518640,7399.213889,I
1443519000,7813.277778,I
1443519360,7805.326389,I
1443519720,8625.905556,I
1443520080,8620.055556,I
1443520440,9054.225,I
1443520800,9328.816667,I
1443521160,9754.566667,I
1443521520,9710.177778,I
1443521880,10654.91111,I
1443522240,11505.13333,I
1443522600,11624.40278,I
1443522960,12550.38889,I
1443523320,12990.21667,I
1443523680,13832.33611,I
1443524040,15059.75833,I
1443524400,15787.75833,I
1443524760,16022.39167,I
1443525120,16582.08889,I
1443525480,17465.94722,I
1443525840,18585.26667,I
1443526200,19512.43056,I
1443526560,18825.54722,I
1443526920,20813.39444,I
1443527280,21485.90556,I
1443527640,22513.03333,I
1443528000,23746.23333,I
1443528360,23924.86944,I
1443528720,24422.02222,I
1443529080,26567.46667,I
1443529440,27883.63889,I
1443529800,27996.88611,I
1443530160,28030.93611,I
1443530520,29344.38889,I
1443530880,30884.41944,I
1443531240,30565.3,I
1443531600,31242.64167,I
1443531960,32149.87778,I
1443532320,34728.51389,I
1443532680,35101.59167,I
1443533040,36350.43056,I
1443533400,37109.26944,I
1443533760,35560.89722,I
1443534120,37659.96667,I
1443534480,-238156.0083,I
1443534840,36644.55833,I
1443535200,35913.14537,I
1443535560,38327.06736,I
1443535920,39512.69167,I
1443536280,40598.49722,I
1443536640,-1136099.312,I
1443537000,52500.11944,I
1443537360,51650.84444,I
1443537720,49264.91431,I
1443538080,52577.11667,I
1443538440,52928.97222,I
1443538800,52655.20556,I
1443539160,51090.82222,I
1443539520,52577.97778,I
1443539880,54973.96667,I
1443540240,52283.68889,I
1443540600,53910.325,I
1443540960,53117.14444,I
1443541320,54781.41389,I
1443405960,6290.417373,S
1443406020,11920.50397,S
1443406320,11951.69238,S
1443406380,12379.50944,S
1443406680,13063.17667,S
1443406740,13099.33222,S
1443407040,13279.54667,S
1443407100,13296.38,S
1443407400,13027.155,S
1443407460,13036.19111,S
1443407760,13141.42889,S
1443407820,12943.91191,S
1443408120,12958.45079,S
1443408180,12987.14206,S
1443408480,12897.37389,S
1443408540,12978.35722,S
1443408840,13038.29611,S
1443408900,12347.98651,S
1443409200,11875.33929,S
1443409260,12264.75278,S
1443409560,13001.79833,S
1443409920,13027,S
1443409980,12735.92857,S
1443410280,12516.81191,S
1443410340,11831.49167,S
1443410640,12745.36564,S
1443410700,12607.77,S
1443411000,11676.36833,S
1443411060,11714.95167,S
1443411360,11358.38944,S
1443411720,11134.95889,S
1443411780,11016.62897,S
1443412080,11232.53087,S
1443412140,11248.95667,S
1443412440,10874.86222,S
1443412500,10840.17937,S
1443412800,10941.89603,S
1443412860,10433.36667,S
1443413160,9959.694048,S
1443413220,9856.666667,S
1443413520,10211.88,S
1443413580,10152.64389,S
1443413880,10603.71889,S
1443413940,10387.59921,S
1443414240,9830.024207,S
1443414300,9815.251191,S
1443414600,9812.845556,S
1443414660,9768.823334,S
1443414960,9105.448334,S
1443415020,9092.846032,S
1443415320,8769.725,S
1443415380,8722.033334,S
1443415680,8456.347778,S
1443415740,8354.816667,S
1443416040,7620.737223,S
1443416400,6843.981667,S
1443416460,6804.455953,S
1443416760,6788.294365,S
1443416820,6786.417778,S
1443417120,6789.712223,S
1443417180,6463.687302,S
1443417480,6265.647143,S
1443417540,6287.159445,S
1443417840,6648.323334,S
1443417900,6220.227381,S
1443418200,6375.182778,S
1443418260,6373.921667,S
1443418560,5506.443889,S
1443418920,5505.416111,S
1443418980,5302.614286,S
1443419280,5114.461111,S
1443419640,4734.169445,S
1443420000,4315.394445,S
1443420060,4312.027381,S
1443420360,4587.688492,S
1443420420,4493.052778,S
1443420720,4221.797223,S
1443420780,4280.589683,S
1443421080,4320.428572,S
1443421140,4264.927778,S
1443421440,4130.623611,S
1443421500,4114.723611,S
1443421800,3994.725,S
1443421860,3977.715477,S
1443422160,3785.012699,S
1443422220,3751.74127,S
1443422520,3832.438492,S
1443422580,3769.575397,S
1443422880,3614.101667,S
1443422940,3605.582223,S
1443423240,3187.468334,S
1443423300,3190.534524,S
1443423600,2997.670635,S
1443423660,2959.603572,S
1443423960,2823.888334,S
1443424320,2841.512778,S
1443424380,2782.512302,S
1443424680,2657.309127,S
1443424740,2684.133334,S
1443425040,2508.419445,S
1443425100,2468.727778,S
1443425400,2469.15,S
1443425460,2399.33254,S
1443425760,2463.326111,S
1443425820,2450.151111,S
1443426120,2411.376111,S
1443426180,2361.055556,S
1443426480,2214.618334,S
1443426840,2279.213334,S
1443426900,2244.469048,S
1443427200,1973.489127,S
1443427260,1974.48,S
1443427560,1964.995556,S
1443427620,1954.169842,S
1443427920,1904.944842,S
1443427980,1897.788096,S
1443428280,1836.875556,S
1443428640,1862.283334,S
1443428700,1828.952381,S
1443429000,1730.147778,S
1443429360,1724.831111,S
1443429420,1696.311111,S
1443429720,1556.463334,S
1443430080,1512.686111,S
1443430440,1641.702778,S
1443430500,1595.776588,S
1443430800,1482.968889,S
1443431160,1351.746667,S
1443431220,1350.759524,S
1443431520,1409.273413,S
1443431580,1354.464683,S
1443431880,1465.391111,S
1443432240,1328.661111,S
1443432600,1546.3,S
1443432660,1545.985318,S
1443432960,1445.546111,S
1443433320,1478.151667,S
1443433380,1470.017857,S
1443433680,1515.575397,S
1443433740,1522.713889,S
1443434040,1563.563889,S
1443434100,1561.797223,S
1443434400,1606.783334,S
1443434460,1589.486508,S
1443434760,1556.088334,S
1443435120,1759.605,S
1443435180,1736.330556,S
1443435480,1844.91,S
1443435540,1854.721111,S
1443435840,1800.697223,S
1443435900,1797.561111,S
1443436200,1995.830556,S
1443436260,1995.713889,S
1443436560,1853.428334,S
1443436920,1800.342223,S
1443436980,1846.101588,S
1443437280,1809.325,S
1443437640,1939.038889,S
1443437700,1846.922223,S
1443438000,1992.797937,S
1443438060,2010.953889,S
1443438360,1982.133334,S
1443438420,1990.241667,S
1443438720,2140.824445,S
1443438780,2135.346667,S
1443439080,2199.605,S
1443439140,2181.268254,S
1443439440,2436.950953,S
1443439500,2454.614445,S
1443439800,2480.049445,S
1443439860,2487.966111,S
1443440160,2637.041667,S
1443440220,2650.555556,S
1443440520,2686.186111,S
1443440580,2684.124603,S
1443440880,3046.125,S
1443440940,3048.494445,S
1443441240,3227.458889,S
1443441300,3227.339445,S
1443441600,3125.147778,S
1443441660,3085.463889,S
1443441960,2968.752302,S
1443442020,2987.567778,S
1443442320,3456.306111,S
1443442380,3455.23254,S
1443442680,3855.016667,S
1443443040,4327.663334,S
1443443100,4317.145238,S
1443443400,4893.364683,S
1443443460,4843.015873,S
1443443760,4332.214683,S
1443443820,4352.169445,S
1443444120,4807.752778,S
1443444180,4808.816667,S
1443444480,5140.720556,S
1443444840,5519.303889,S
1443444900,5425.535318,S
1443445200,5728.397381,S
1443445260,5727.708889,S
1443445560,6050.926111,S
1443445620,6031.955556,S
1443445920,5715.022619,S
1443445980,5781.363889,S
1443446280,6567.755556,S
1443446340,6523.762699,S
1443446640,7032.786667,S
1443447000,7171.831111,S
1443447060,7143.218651,S
1443447360,7299.692778,S
1443447720,8606.84,S
1443447780,8550.536111,S
1443448080,7647.990159,S
1443448140,7691.982223,S
1443448440,8227.476667,S
1443448500,8204.686508,S
1443448800,-3622.098174,S
1443448860,-3576.097777,S
1443449160,8109.854723,S
1443449220,8077.051945,S
1443449520,-98273.33278,S
1443449580,-142325.554,S
1443449880,-142363.6679,S
1443449940,10553.83535,S
1443450240,12755.56537,S
1443450300,12759.52093,S
1443450600,13120.47259,S
1443450660,2935.96545,S
1443450960,12075.925,S
1443451020,12071.46944,S
1443451320,11984.31167,S
1443451380,11873.63571,S
1443451680,12561.78849,S
1443451740,12612.33056,S
1443452040,12425.00833,S
1443452100,11857.92262,S
1443452400,11868.72262,S
1443452460,12383.78056,S
1443452760,14140.34333,S
1443452820,13999.35167,S
1443453120,13643.39944,S
1443453180,13687.37937,S
1443453480,14475.21056,S
1443453540,14478.91056,S
1443453840,14463.89278,S
1443453900,14227.77302,S
1443454200,13908.96889,S
1443454260,13890.03278,S
1443454560,14438.86611,S
1443454620,13437.05873,S
1443454920,13097.32262,S
1443454980,14052.49444,S
1443455280,15034.27556,S
1443455340,15118.66722,S
1443455640,-106828.9067,S
1443455700,-270192.3317,S
1443456000,-652992.7283,S
1443456060,-575417.7992,S
1443456360,19965.30519,S
1443456720,20725.35148,S
1443456780,19857.77831,S
1443457080,20623.59683,S
1443457140,11343.00299,S
1443457440,19822.22167,S
1443457800,20333.82444,S
1443457860,18880.10635,S
1443458160,18213.57024,S
1443458220,19071.45556,S
1443458520,19777.55833,S
1443458580,19510.38611,S
1443458880,19451.57278,S
1443458940,19198.00889,S
1443459240,19196.57,S
1443459300,17817.71706,S
1443459600,17135.10988,S
1443459660,16747.65274,S
1443459960,16949.31222,S
1443460020,15846.86032,S
1443460320,17021.36556,S
1443460680,15296.49333,S
1443460740,15070.64048,S
1443461040,14108.47381,S
1443461100,14259.72024,S
1443461400,14372.31444,S
1443461460,14348.32,S
1443461760,14313.13833,S
1443461820,14277.07698,S
1443462120,15576.27976,S
1443462180,14642.80516,S
1443462480,14829.3996,S
1443462540,14068.56984,S
1443462840,14639.40556,S
1443462900,14618.09167,S
1443463200,14982.83611,S
1443463260,13268.83849,S
1443463560,14866.19611,S
1443463920,15255.56278,S
1443463980,13786.28492,S
1443464280,14794.7546,S
1443464340,14828.12167,S
1443464640,14173.17333,S
1443464700,14024.26032,S
1443465120,14517.4499,S
1443465180,14158.97338,S
1443465480,14156.83889,S
1443465840,12934.85278,S
1443466200,12286.81667,S
1443466560,12497.81111,S
1443466620,12470.11032,S
1443466920,12842.57921,S
1443466980,12577.96056,S
1443467280,10600.51167,S
1443467340,10577.89802,S
1443467640,11595.595,S
1443467700,11371.23944,S
1443468000,12141.58389,S
1443468360,12254.77,S
1443468420,-94833.67253,S
1443468720,-64383.04452,S
1443468780,18586.95833,S
1443469080,17571.69056,S
1443469140,17223.95357,S
1443469440,18193.0894,S
1443469500,18293.74773,S
1443469800,17549.84333,S
1443469860,17535.68778,S
1443470160,16779.98722,S
1443470220,17088.16191,S
1443470520,16299.69802,S
1443470580,16240.71468,S
1443470880,17337.97111,S
1443470940,17023.54889,S
1443471240,17037.48611,S
1443471300,17302.08056,S
1443471600,17628.20833,S
1443471660,16344.51746,S
1443471960,18174.72921,S
1443472020,17796.54667,S
1443472320,17222.82389,S
1443472380,17231.16556,S
1443472680,16402.43611,S
1443472740,16595.39286,S
1443473040,-154653.1849,S
1443473100,-155527.771,S
1443473400,15896.11508,S
1443473460,16044.12183,S
1443473820,16302.06944,S
1443474120,16344.21659,S
1443474180,14989.24,S
1443474480,15101.96,S
1443474540,15786.60167,S
1443474840,-599792.8623,S
1443475200,-4605179.815,S
1443475260,-4656151.122,S
1443475560,-802533.9795,S
1443475620,1032.790606,S
1443475920,17133.88778,S
1443475980,16265.37111,S
1443476280,16661.13889,S
1443476340,16751.82778,S
1443476640,15992.67333,S
1443476700,15839.82778,S
1443477000,16001.175,S
1443477060,15104.41468,S
1443477420,16191.17738,S
1443477720,16141.50833,S
1443477780,14341.68333,S
1443478080,14247.63333,S
1443478140,14562.11667,S
1443478440,15024.58579,S
1443478800,14067.37374,S
1443479160,14043.63763,S
1443479220,13055.60635,S
1443479520,15176.32063,S
1443479580,15056.80556,S
1443479880,13892.40611,S
1443479940,13775.08214,S
1443480120,14279.14028,S
1443480180,14155.69444,S
1443480480,13505.35167,S
1443480540,13568.52389,S
1443480840,13517.29889,S
1443480900,13199.24286,S
1443481200,12456.08452,S
1443481260,12006.65714,S
1443481560,13093.02611,S
1443481620,12984.86222,S
1443481920,12770.76333,S
1443481980,12484.01468,S
1443482280,12428.62302,S
1443482340,12308.22024,S
1443482640,12456.57825,S
1443482700,12376.01,S
1443483000,12386.70722,S
1443483060,12018.88492,S
1443483360,12337.15944,S
1443483420,12284.76778,S
1443483720,12173.30556,S
1443483780,12189.38056,S
1443484080,11626.70278,S
1443484140,11651.34365,S
1443484440,11217.27976,S
1443484500,11483.05556,S
1443484800,10537.67,S
1443484860,10457.21167,S
1443485160,11067.19222,S
1443485220,10477.94921,S
1443485520,11383.76611,S
1443485880,11606.53333,S
1443486240,12923.86111,S
1443486600,13752.15833,S
1443486660,13361.3754,S
1443486960,13489.67778,S
1443487320,13294.47222,S
1443487680,13245.39444,S
1443487740,12928.32579,S
1443488040,13142.24246,S
1443488100,12689.77817,S
1443488400,12199.07619,S
1443488460,12194.23056,S
1443488760,12904.33056,S
1443488820,12884.525,S
1443489120,13017.98389,S
1443489480,14273.77333,S
1443489540,13198.24762,S
1443489840,13472.30317,S
1443489900,13421.1619,S
1443490200,13752.32444,S
1443490560,14491.81667,S
1443490620,13547.84524,S
1443490920,14153.97746,S
1443490980,14236.87667,S
1443491280,13277.16556,S
1443491340,13140.01389,S
1443491640,13367.80556,S
1443491700,13352.81429,S
1443492000,11765.13167,S
1443492060,11760.67056,S
1443492360,12690.61944,S
1443492420,12374.99683,S
1443492720,12849.04778,S
1443493080,13371.82,S
1443493140,12754.84286,S
1443493440,12684.475,S
1443493800,12417.87833,S
1443493860,12376.14405,S
1443494160,12225.91071,S
1443494220,12152.30079,S
1443494520,12206.8119,S
1443494580,12206.51548,S
1443494880,11643.72722,S
1443494940,11616.99667,S
1443495240,12079.56056,S
1443495300,11756.47302,S
1443495600,10531.15992,S
1443495660,10632.97222,S
1443495960,10023.17,S
1443496020,10018.47556,S
1443496320,10767.41444,S
1443496380,10304.64802,S
1443496680,10568.62381,S
1443496740,10611.34722,S
1443497040,10665.24167,S
1443497100,9951.32619,S
1443497400,10330.15444,S
1443497760,10877.46167,S
1443497820,10495.05357,S
1443498120,10287.3,S
1443498480,10310.41389,S
1443498840,9845.172222,S
1443498900,9809.940079,S
1443499200,8941.667857,S
1443499260,8853.614286,S
1443499560,8550.262778,S
1443499620,8488.451667,S
1443499920,7991.025,S
1443500280,8354.566431,S
1443500340,8090.229923,S
1443500640,8039.35627,S
1443500700,8056.592778,S
1443501000,8068.728889,S
1443501060,8082.113095,S
1443501360,6802.755159,S
1443501420,6932.65,S
1443501720,7182.85,S
1443501780,7121.622222,S
1443502140,7210.369444,S
1443502440,7611.354206,S
1443502500,7384.460556,S
1443502800,6166.24,S
1443502860,6233.753889,S
1443503160,6249.684444,S
1443503220,6223.603889,S
1443503520,6198.431667,S
1443503580,6170.614286,S
1443503880,5618.21,S
1443504240,5527.290556,S
1443504300,5403.162302,S
1443504600,5554.578968,S
1443504660,5423.677381,S
1443504960,5305.91,S
1443505320,5433.404444,S
1443505380,5067.187302,S
1443505680,4869.939762,S
1443505740,4865.521111,S
1443506040,4645.349125,S
1443506100,4634.733808,S
1443506400,4061.663968,S
1443506460,4022.918333,S
1443506760,4264.648732,S
1443506820,4266.170954,S
1443507120,4138.024814,S
1443507180,4109.623624,S
1443507480,4132.937698,S
1443507540,4037.725736,S
1443507840,3988.686847,S
1443507900,3995.09246,S
1443508200,3923.213333,S
1443508560,3680.438333,S
1443508620,3603.829762,S
1443508920,3555.415714,S
1443508980,3558.949426,S
1443509280,3210.645556,S
1443509640,3245.663889,S
1443510000,2932.483333,S
1443510060,2893.598413,S
1443510360,2938.093889,S
1443510720,2823.832778,S
1443510780,2760.648413,S
1443511080,2677.975635,S
1443511140,2680.068889,S
1443511440,2611.991111,S
1443511500,2633.23254,S
1443511800,2401.293016,S
1443511860,2397.583889,S
1443512160,2198.099705,S
1443512220,2197.352483,S
1443512520,2204.956111,S
1443512880,2184.25,S
1443513240,2226.952778,S
1443513300,2162.724603,S
1443513600,1942.075952,S
1443513660,1976.325556,S
1443513960,2036.253816,S
1443514020,2027.18715,S
1443514320,1979.466667,S
1443514380,1977.702778,S
1443514680,1790.816667,S
1443514740,1793.713889,S
1443515040,1782.046667,S
1443515100,1758.572222,S
1443515400,1674.781111,S
1443515760,1790.27,S
1443515820,1730.813492,S
1443516120,1661.243968,S
1443516180,1667.817778,S
1443516480,1600.265556,S
1443516840,1651.098889,S
1443516900,1606.361508,S
1443517200,1455.040215,S
1443517260,1458.06323,S
1443517560,1571.203889,S
1443517620,1546.138095,S
1443517920,1434.963492,S
1443517980,1439.630556,S
1443518280,1547.113889,S
1443518340,1549.925,S
1443518640,1645.858889,S
1443518700,1642.57,S
1443519000,1691.417222,S
1443519060,1617.578968,S
1443519360,1727.956111,S
1443519420,1726.375556,S
1443519720,1669.473333,S
1443519780,1626.639683,S
1443520080,1555.741667,S
1443520440,1633.638333,S
1443520500,1616.865476,S
1443520800,1586.887698,S
1443520860,1577.721825,S
1443521160,1699.346825,S
1443521220,1614.571429,S
1443521520,1665.952778,S
1443521580,1666.388889,S
1443521880,1810.203333,S
1443521940,1800.336905,S
1443522240,1762.075436,S
1443522300,1791.452008,S
1443522600,1690.080144,S
1443522660,1684.751587,S
1443522960,1782.071032,S
1443523020,1708.307143,S
1443523320,2091.295535,S
1443523380,2091.298313,S
1443523680,2045.630556,S
1443524040,2178.662778,S
1443524100,2174.545635,S
1443524400,2372.962302,S
1443524460,2355.911111,S
1443524760,2300.485397,S
1443524820,2326.573889,S
1443525120,2383.482222,S
1443525180,2375.298413,S
1443525480,2610.299444,S
1443525540,2608.793889,S
1443525840,2855.726111,S
1443525900,2849.900794,S
1443526200,2966.173016,S
1443526260,2924.357143,S
1443526560,2982.161508,S
1443526620,3006.327778,S
1443526920,3048.02,S
1443526980,3128.492222,S
1443527280,3240.228333,S
1443527640,3566.84,S
1443527700,3529.652381,S
1443528000,3416.409286,S
1443528060,3430.972778,S
1443528360,3501.533889,S
1443528420,3373.662302,S
1443528720,3661.079841,S
1443528780,3662.785,S
1443529080,4018.275,S
1443529140,4016.475,S
1443529440,4376.15,S
1443529500,4346.18373,S
1443529800,4235.518016,S
1443529860,4259.383889,S
1443530160,4489.748889,S
1443530220,4511.993333,S
1443530520,5065.712778,S
1443530580,5074.615556,S
1443530880,5484.682222,S
1443530940,5502.224206,S
1443531240,5591.838095,S
1443531300,5554.464286,S
1443531600,6014.304444,S
1443531660,6018.576667,S
1443531960,5849.755556,S
1443532020,5816.825,S
1443532320,6075.908889,S
1443532680,6307.667222,S
1443532740,6278.913492,S
1443533040,6439.508651,S
1443533100,6455.542778,S
1443533400,6794.837222,S
1443533460,6887.661905,S
1443533760,7241.516667,S
1443533820,7235.422222,S
1443534120,7951.817222,S
1443534180,7931.476587,S
1443534480,7752.42381,S
1443534540,7484.417857,S
1443534840,8701.207143,S
1443534900,8529.816667,S
1443535200,7856.795,S
1443535260,7980.12,S
1443535560,7866.953333,S
1443535620,7331.309921,S
1443535920,8212.178333,S
1443535980,8204.889444,S
1443536280,8919.497778,S
1443536340,-249490.2596,S
1443536640,-201545.4414,S
1443536700,14043.93991,S
1443537000,14075.12325,S
1443537060,12938.80955,S
1443537360,13694.03781,S
1443537420,14919.89056,S
1443537720,14593.78,S
1443537780,15506.90222,S
1443538080,15625.59778,S
1443538140,14781.65595,S
1443538440,15227.62817,S
1443538500,15204.90556,S
1443538800,15476.34722,S
1443538860,14925.19405,S
1443539160,15044.61349,S
1443539220,15333.22024,S
1443539520,15355.96499,S
1443539580,15729.44277,S
1443539880,15054.10444,S
1443539940,16373.25722,S
1443540240,17117.31885,S
1443540300,17099.15496,S
1443540600,17483.4133,S
1443540660,16258.43611,S
1443540960,16089.39722,S
1443541020,17023.24802,S
1443541320,17925.15333,S
1443406020,1370.261114,A
1443406380,1462.375003,A
1443406740,1528.769444,A
1443407100,1559.722222,A
1443407460,1570.575,A
1443407820,1587.511111,A
1443408180,1629.044444,A
1443408540,1585.072222,A
1443408900,1696.822222,A
1443409260,1320.125,A
1443409620,1390.808333,A
1443409980,1600.055556,A
1443410340,1671.602778,A
1443410700,1655.388889,A
1443411060,1698.833333,A
1443411420,1797.252778,A
1443411780,1940.622222,A
1443412140,1970.2,A
1443412500,2208.961111,A
1443412860,1502.866667,A
1443413220,2129.594444,A
1443413580,2407.608333,A
1443413940,2843.133333,A
1443414300,2827.838889,A
1443414660,3019.341667,A
1443415020,3173.502778,A
1443415380,3332.077778,A
1443415740,3613.072222,A
1443416100,3508.655556,A
1443416460,1359.430556,A
1443416820,3589.852778,A
1443417180,4311.177778,A
1443417540,4504.9,A
1443417900,4554.519444,A
1443418260,4263.291667,A
1443418560,4306.93,A
1443418620,4540.188333,A
1443418980,4585.399603,A
1443419280,4618.887222,A
1443419340,4152.892778,A
1443419700,3945.283333,A
1443420060,2235.202778,A
1443420420,4504.769444,A
1443420780,4842.197222,A
1443421140,5154.766667,A
1443421500,4796.883333,A
1443421860,5094.041667,A
1443422220,4787.916667,A
1443422580,4986.622222,A
1443422940,4686.286111,A
1443423300,4107.977778,A
1443423660,1809.680556,A
1443424020,3628.838889,A
1443424380,4118.411111,A
1443424740,4041.011111,A
1443425100,4427.705556,A
1443425460,4490.252778,A
1443425820,4013.969444,A
1443426180,4097.95,A
1443426480,4095.993333,A
1443426540,4380.657222,A
1443426900,4276.904762,A
1443427260,2316.336111,A
1443427620,2993.308333,A
1443427980,3491.586111,A
1443428340,3776.372222,A
1443428700,3815.736111,A
1443429000,3826.012778,A
1443429060,3852.993333,A
1443429420,3999.617064,A
1443429720,4024.697064,A
1443429780,3878.327222,A
1443430080,3882.021667,A
1443430140,3834.08,A
1443430500,3571.409127,A
1443430560,3465.300397,A
1443430860,2175.120833,A
1443431220,4068.865278,A
1443431580,4558.226389,A
1443431640,4562.596627,A
1443431880,4568.729405,A
1443431940,4359.253611,A
1443432240,4355.170833,A
1443432300,4379.004861,A
1443432660,4380.248413,A
1443432960,4398.892222,A
1443433020,4327.097778,A
1443433380,4305.392064,A
1443433740,4070.671296,A
1443434100,4014,A
1443434460,2397.130556,A
1443434820,3403.666667,A
1443435180,4166.733333,A
1443435540,3874.795833,A
1443435900,3765.506944,A
1443436260,3916.6375,A
1443436560,3929.958611,A
1443436620,3742.797963,A
1443436980,4042.779233,A
1443437280,4069.674074,A
1443437340,3898.794444,A
1443437700,3670.624206,A
1443438060,2091.444444,A
1443438420,3075.608333,A
1443438780,3638.394444,A
1443439140,3902.611111,A
1443439500,3917.311111,A
1443439860,3992.813889,A
1443440220,3910.236111,A
1443440580,3966,A
1443440940,3949.67037,A
1443441300,3640.808333,A
1443441660,2756.583333,A
1443442020,4141.080556,A
1443442380,4583.4,A
1443442680,4585.859444,A
1443442740,4292.837222,A
1443443100,4618.699206,A
1443443460,4701.216667,A
1443443820,4483.786111,A
1443444180,4593.702778,A
1443444480,4622.207778,A
1443444540,4410.418889,A
1443444900,4092.772222,A
1443445260,2375.227778,A
1443445620,3523.45,A
1443445980,3770.477778,A
1443446340,3741.877778,A
1443446640,3770.168333,A
1443446700,3674.96,A
1443447060,3759.547619,A
1443447420,3671.308333,A
1443447480,3674.028968,A
1443447780,3643.536944,A
1443448140,3726.1375,A
1443448500,3602.393056,A
1443448860,2673.426852,A
1443449220,3445.752778,A
1443449580,3669.958333,A
1443449940,3880.711111,A
1443450000,3873.815079,A
1443450300,3527.379444,A
1443450660,4036.766944,A
1443450720,3988.368452,A
1443451020,3668.001667,A
1443451380,4240.158333,A
1443451740,4015.188889,A
1443452100,3700.725,A
1443452160,3519.296429,A
1443452460,3075.804762,A
1443452520,3022.265079,A
1443452820,3867.041667,A
1443453180,4229.672778,A
1443453240,4139.798016,A
1443453540,4175.588889,A
1443453900,4067.666111,A
1443454260,3985.858333,A
1443454620,4030.644444,A
1443454680,4007.489683,A
1443454980,4106.127222,A
1443455340,3965.418889,A
1443455400,3928.434127,A
1443455700,3555.925556,A
1443456060,2710.347222,A
1443456360,2791.014444,A
1443456420,3517.829722,A
1443456780,4079.008532,A
1443457140,3842.488889,A
1443457440,3863.089444,A
1443457500,3464.642222,A
1443457860,3501.174008,A
1443458220,3263.018056,A
1443458280,3197.859325,A
1443458580,3325.422778,A
1443458940,3281.219444,A
1443459300,3195.525,A
1443459360,3168.611111,A
1443459660,2029.758333,A
1443459720,1924.769048,A
1443460020,2936.305159,A
1443460080,3149.873016,A
1443460320,3158.076905,A
1443460380,3309.02,A
1443460740,3314.105952,A
1443461100,3278.725,A
1443461460,3220.482222,A
1443461820,3223.611111,A
1443462180,3371.105556,A
1443462540,3512.947222,A
1443462600,3379.512698,A
1443462900,2888.967593,A
1443463260,2711.681481,A
1443463320,2484.301984,A
1443463560,2519.73754,A
1443463620,2968.205476,A
1443463980,3418.332547,A
1443464040,3378.670166,A
1443464340,3194.877222,A
1443464700,3275.385556,A
1443464760,3215.75119,A
1443465180,3281.622718,A
1443465240,3299.11088,A
1443465480,3315.965463,A
1443465540,3218.434907,A
1443465600,3381.995556,A
1443465840,3363.502778,A
1443465900,3374.013333,A
1443465960,3303.4175,A
1443466200,3296.759167,A
1443466260,3266.3275,A
1443466320,3435.767778,A
1443466620,3314.027698,A
1443466680,2789.433333,A
1443466980,2712.389683,A
1443467040,2464.016667,A
1443467340,2931.167778,A
1443467400,3410.065278,A
1443467700,3633.289167,A
1443467760,3579.204444,A
1443468000,3593.332222,A
1443468060,3429.643889,A
1443468120,3456.643889,A
1443468420,3549.451429,A
1443468480,3574.913492,A
1443468540,3569.561905,A
1443468780,3586.734921,A
1443468840,3395.125556,A
1443469140,3435.063333,A
1443469200,3511.961508,A
1443469500,3279.469365,A
1443469560,3578.212222,A
1443469860,3606.6,A
1443469920,3611.223148,A
1443470220,3105.727037,A
1443470280,2687.854815,A
1443470580,2624.118704,A
1443470640,2579.217063,A
1443470940,3131.347619,A
1443471000,3623.133333,A
1443471300,3803.450556,A
1443471360,3808.583889,A
1443471660,3981.292222,A
1443471720,3978.715476,A
1443472020,4071.411667,A
1443472080,4072.156111,A
1443472380,3884.833333,A
1443472440,3983.275,A
1443472740,4074.291667,A
1443472800,3864.511508,A
1443473100,4039.407857,A
1443473160,3675.120556,A
1443473460,3663.184444,A
1443473520,3715.176111,A
1443473820,3705.420556,A
1443473880,3204.285714,A
1443473940,3055.131746,A
1443474180,2894.469048,A
1443474240,2932.848333,A
1443474300,2998.773333,A
1443474540,3176.051667,A
1443474600,3545.198889,A
1443474660,3716.515238,A
1443474840,3746.820238,A
1443474900,3794.030794,A
1443474960,3773.280556,A
1443475260,3817.210952,A
1443475320,3823.116667,A
1443475620,3856.328254,A
1443475680,3825.498889,A
1443475980,3888.487778,A
1443476040,3687.526667,A
1443476340,3656.793333,A
1443476400,3670.680159,A
1443476460,3660.348413,A
1443476700,3666.925476,A
1443476760,3400.419444,A
1443477060,3498.075,A
1443477120,3234.544444,A
1443477420,3214.391667,A
1443477480,3023.091667,A
1443477540,2904.126984,A
1443477780,2714.690873,A
1443477840,3075.159524,A
1443477900,3091.201984,A
1443478140,3684.90254,A
1443478200,4173.321797,A
1443478440,4186.534574,A
1443478500,4155.482273,A
1443478560,4092.477828,A
1443478860,4279.947511,A
1443478920,4747.454365,A
1443479220,4905.448016,A
1443479280,4782.680159,A
1443479580,4735.337778,A
1443479640,4523.537778,A
1443479940,4340.571111,A
1443480000,4334.738294,A
1443480180,4092.291667,A
1443480540,3885.962963,A
1443480900,3582.919444,A
1443481260,2427.144444,A
1443481320,2073.266667,A
1443481620,3079.823333,A
1443481980,3368.986111,A
1443482340,3506.422222,A
1443482400,3459.011905,A
1443482700,3236.581389,A
1443483060,3252.988333,A
1443483120,3229.172222,A
1443483420,2903.816111,A
1443483780,2710.230556,A
1443484140,2619.283333,A
1443484500,2436.269444,A
1443484860,1626.605556,A
1443485220,2163.197222,A
1443485520,2189.890556,A
1443485580,2184.676667,A
1443485880,2165.766111,A
1443485940,2206.153968,A
1443486240,2211.153968,A
1443486300,2138.627778,A
1443486660,2186.184524,A
1443486960,2187.208333,A
1443487020,1914.975,A
1443487320,1912.8,A
1443487380,1922.727579,A
1443487740,1918.66131,A
1443488100,1871.856944,A
1443488160,1839.293452,A
1443488460,1585.646667,A
1443488820,1729.025,A
1443489180,1753.308333,A
1443489540,1787.038889,A
1443489900,1743.32037,A
1443490260,1585.011111,A
1443490620,1662.766667,A
1443490980,1545.727778,A
1443491340,1512.775,A
1443491700,1555.663889,A
1443492060,1297.297222,A
1443492420,1471.194444,A
1443492720,1483.665,A
1443492780,1568.54,A
1443493140,1608.965476,A
1443493440,1620.441667,A
1443493500,1514.008333,A
1443493860,1596.647222,A
1443494220,1605.338889,A
1443494580,1592.069444,A
1443494940,1616.268056,A
1443495300,1717.230556,A
1443495660,1219.941667,A
1443496020,1567.783333,A
1443496380,1783.008333,A
1443496740,1706.665278,A
1443497100,1828.831944,A
1443497160,1831.82877,A
1443497400,1836.12377,A
1443497460,1793.758056,A
1443497820,1979.705291,A
1443498120,1988.674815,A
1443498180,1953.469259,A
1443498480,1959.128148,A
1443498540,2228.893889,A
1443498900,2425.422222,A
1443499260,1476.111111,A
1443499620,2170.638889,A
1443499920,2180.041111,A
1443499980,2405.632778,A
1443500340,2618.722619,A
1443500700,2625.902778,A
1443501060,2780.419444,A
1443501420,2835.977778,A
1443501780,3001.755556,A
1443502140,3228.983333,A
1443502200,3229.209921,A
1443502500,3167.557143,A
1443502560,3154.905556,A
1443502860,2285.472778,A
1443503220,3270.733333,A
1443503580,3889.794444,A
1443503880,3906.505556,A
1443503940,4044.518981,A
1443504300,4296.902778,A
1443504660,4397.85,A
1443504960,4414.863889,A
1443505020,4366.275,A
1443505380,4580.036508,A
1443505440,4585.028571,A
1443505740,4696.315278,A
1443506100,4008.390278,A
1443506460,1910.406944,A
1443506820,4659.734722,A
1443507180,4988.048611,A
1443507540,5388.925,A
1443507900,5273.844444,A
1443508200,5289.225,A
1443508260,5026.813889,A
1443508620,5518.393651,A
1443508980,4882.255556,A
1443509280,4893.457778,A
1443509340,5289.155,A
1443509640,5276.482222,A
1443509700,4736.546111,A
1443510060,2110.404365,A
1443510360,2145.621032,A
1443510420,3840.013889,A
1443510780,4424.091468,A
1443511140,4337.330556,A
1443511500,4704.422222,A
1443511860,4453.883333,A
1443512220,4439.394444,A
1443512520,4450.794444,A
1443512580,4457.377778,A
1443512940,4556.588095,A
1443513300,4367.616667,A
1443513660,2428.680556,A
1443514020,4031.008333,A
1443514380,4432.455556,A
1443514740,4499.677778,A
1443515100,4648.358333,A
1443515400,4660.077778,A
1443515460,4601.811111,A
1443515820,5014.963889,A
1443516180,4381.791667,A
1443516480,4415.186667,A
1443516540,4467.747778,A
1443516900,3742.422222,A
1443517260,2501.713889,A
1443517620,4673.336111,A
1443517980,4964.65,A
1443518340,5067.252778,A
1443518700,5062.297222,A
1443519060,5120.897222,A
1443519420,4797.030556,A
1443519780,5022.577778,A
1443520080,5050.177222,A
1443520140,4966.427222,A
1443520500,4881.87619,A
1443520860,4049.266667,A
1443521220,4295.733333,A
1443521580,4268.188889,A
1443521940,4647.808333,A
1443522300,4550.152778,A
1443522660,4640.888889,A
1443522720,4619.782143,A
1443523020,4510.004444,A
1443523380,4441.038889,A
1443523680,4453.566111,A
1443523740,4425.268889,A
1443524100,3970.762698,A
1443524460,2813.080556,A
1443524820,4271.908333,A
1443525180,4714.136111,A
1443525540,5060.066667,A
1443525900,5235.738889,A
1443526260,5185.444444,A
1443526320,5148.887302,A
1443526620,5234.00119,A
1443526680,5360.480556,A
1443526980,5348.268333,A
1443527340,5128.497222,A
1443527700,5238.627778,A
1443528060,4180.158333,A
1443528420,5389.827778,A
1443528780,5503.630556,A
1443529140,5521.663889,A
1443529500,5861.477778,A
1443529560,5815.353571,A
1443529860,5450.051111,A
1443529920,5482.187222,A
1443530220,5413.545,A
1443530580,5292.327778,A
1443530940,5389.061111,A
1443531300,5369.375,A
1443531360,5198.42381,A
1443531660,3938.642619,A
1443531720,3913.075556,A
1443532020,4397.616111,A
1443532080,4439.755,A
1443532320,4469.518889,A
1443532380,4431.253889,A
1443532740,4799.164683,A
1443533100,4780.35,A
1443533160,4518.689286,A
1443533460,4623.850635,A
1443533520,4692.524444,A
1443533820,4488.883611,A
1443534180,4484.123611,A
1443534540,4647.154167,A
1443534600,4414.652717,A
1443534900,3868.627063,A
1443534960,3693.276667,A
1443535260,2605.603889,A
1443535320,2480.84,A
1443535620,3900.117778,A
1443535680,4232.773413,A
1443535980,4325.632222,A
1443536340,4476.025,A
1443536400,4415.146429,A
1443536700,4395.47,A
1443537060,4508.930185,A
1443537120,4411.927646,A
1443537420,4435.74209,A
1443537480,4478.257963,A
1443537780,4478.822407,A
1443538140,4528.516296,A
1443538200,4445.122487,A
1443538500,4050.250265,A
1443538560,4024.051852,A
1443538860,2769.997222,A
1443538920,2699.583333,A
1443539220,4106.766667,A
1443539280,4420.965079,A
1443539580,4665.148413,A
1443539640,4658.127778,A
1443539940,4840.37,A
1443540000,4852.940476,A
1443540300,4692.275556,A
1443540660,4863.355556,A
1443540720,4841.765079,A
1443541020,4722.965079,A
1443541080,4722.103968,A
1443541320,4734.573413,A
1443541380,4704.985,A
